id,genero,nacimiento,educacion,catempleado,salario_act,salario_ini,tiempo,experiencia,edad,FAC1_2,FAC2_2,FAC3_2
1,m,2/3/1952,15,3,57000,27000,98,144,45.9397260273973,.83517337750358,1.26789017470137,1.5377843363898
2,m,5/23/1958,16,1,40200,18750,98,36,39.6356164383562,.453766304093563,-.0483280290386475,1.68661230950951
3,f,7/26/1929,12,1,21450,12000,98,381,68.4794520547945,-2.02870295366272,1.85678948295533,1.53369235739551
4,f,4/15/1947,8,1,21900,13200,98,190,50.7479452054795,-.986555737906241,.467887596010603,1.63563101389251
5,m,2/9/1955,15,1,45000,21000,98,138,42.9205479452055,.327710155269219,.678117815563212,1.59995394230945
6,m,8/22/1958,15,1,32100,13500,98,67,39.386301369863,-.0885719115503881,-.285919410051635,1.72201500838908
7,m,4/26/1956,15,1,36000,18750,98,114,41.7095890410959,.083679661612694,.289589801986012,1.63068793466759
8,f,5/6/1966,12,1,21900,9750,98,2,31.6767123287671,-.159292794351221,-1.16739527236129,1.79425838378366
9,f,1/23/1946,15,1,27900,12750,98,115,51.972602739726,-.686159164760232,.270773936385608,1.69937380842157
10,f,2/13/1946,12,1,24000,13500,98,244,51.9150684931507,-1.0938117936796,.785758307901219,1.60034042673816
11,f,2/7/1950,16,1,30300,16500,98,143,47.9287671232877,-.410816375498686,.446521650518781,1.63490788119611
12,m,1/11/1966,8,1,28350,12000,98,26,31.9917808219178,.0430774601362016,-.852128664744879,1.75940236832957
13,m,7/17/1960,15,1,27750,14250,98,34,37.4821917808219,-.0240490211601826,-.531502758663998,1.72656987541873
14,f,2/26/1949,15,1,35100,16800,98,137,48.8767123287671,-.282368303836474,.545514965039019,1.64240099810814
15,m,8/29/1962,12,1,27300,13500,97,66,35.3643835616438,-.105148955303876,-.517840801642593,1.61556330650261
16,m,11/17/1964,12,1,40800,15000,97,24,33.1424657534247,.482257813436008,-.493339474989725,1.64252819170204
17,m,7/18/1962,15,1,46000,14250,97,48,35.4794520547945,.452379837584208,-.256653663445802,1.6452335562266
18,m,3/20/1956,16,3,103750,27510,97,70,41.8109589041096,2.35236753022315,1.5733879441409,1.54814745568969
19,m,8/19/1962,12,1,42300,14250,97,103,35.3917808219178,.212647092901582,-.0861008878658695,1.60409149748395
20,f,1/23/1940,12,1,26250,11550,97,48,57.9780821917808,-.763089202812491,.118451444519089,1.65978368577096
21,f,2/19/1963,16,1,38850,15000,97,17,34.8876712328767,.406552439560871,-.491466784448445,1.64488141040522
22,m,9/24/1940,12,1,21750,12750,97,315,57.3068493150685,-1.5192865724434,1.2064318414234,1.46439480755522
23,f,3/15/1965,15,1,24000,11100,97,75,32.8191780821918,-.266215187131201,-.729510419029101,1.6347245037958
24,f,3/27/1933,12,1,16950,9000,97,124,64.8082191780822,-1.50610319367535,.425666379769768,1.6323324353104
25,f,7/1/1942,15,1,21150,9000,97,171,55.5397260273973,-1.28684526626461,.35843975822146,1.60437898009824
26,m,11/8/1966,15,1,31050,12600,96,14,31.1671232876712,.19270899997352,-.874298557609693,1.56629744569079
27,m,3/19/1954,19,3,60375,27480,96,96,43.8164383561644,1.12639535559055,1.05189770792025,1.37003319197182
28,m,4/11/1963,15,1,32550,14250,96,43,34.7479452054795,.141991619575353,-.525975308056621,1.52991474824362
29,m,1/28/1944,19,3,135000,79980,96,199,53.9616438356164,5.07901439816972,5.35200406715455,.741987851920243
30,m,9/17/1961,15,1,31200,14250,96,54,36.3123287671233,.0377481872089317,-.444665327274233,1.52141632442932
31,m,2/24/1964,12,1,36150,14250,96,83,33.8739726027397,.148323964411328,-.330035200106441,1.50895834126924
32,m,1/28/1954,19,3,110625,45000,96,120,43.9534246575342,3.20093603273022,2.73319707728429,1.20329508798364
33,m,3/18/1961,15,1,42000,15000,96,68,36.813698630137,.298539159155067,-.160849835636068,1.51883827376125
34,m,2/2/1949,19,3,92000,39990,96,175,48.9424657534247,2.20343233083425,2.62747898039073,1.20660462335965
35,m,8/22/1961,17,3,81250,30000,96,18,36.3835616438356,2.18285293363542,.899184773294507,1.41601598054082
36,f,8/7/1963,8,1,31350,11250,96,52,34.4246575342466,-.0527163527597549,-.650103530649083,1.5607823591017
37,m,10/9/1954,12,1,29100,13500,96,113,43.2575342465753,-.390599807262279,-.0108593726285895,1.49249801491566
38,m,4/27/1962,15,1,31350,15000,96,49,35.7041095890411,.107788901199289,-.452531081270077,1.51498549787445
39,m,6/22/1960,16,1,36000,15000,96,46,37.5506849315069,.186339933785567,-.323983911681565,1.52453123099367
40,f,8/28/1933,15,1,19200,9000,96,23,64.386301369863,-1.16735064259447,.0128126843471089,1.60253250420169
41,f,3/18/1961,12,1,23550,11550,96,52,36.813698630137,-.297618701895919,-.676230747326122,1.5463584927136
42,m,9/23/1960,15,1,35100,16500,95,90,37.2958904109589,.124722014372972,-.10103595838881,1.37687530921511
43,m,1/18/1964,12,1,23250,14250,95,46,33.9753424657534,-.0834588098188048,-.696170246729076,1.41552210124078
44,m,6/15/1963,8,1,29250,14250,95,50,34.5698630136986,.0428378654361287,-.561367905811053,1.42202534667718
45,m,8/2/1938,12,2,30750,13500,95,307,59.4547945205479,-1.28966037174464,1.41614388393862,1.27725400112044
46,f,11/18/1940,15,1,22350,12750,95,165,57.1561643835616,-1.09866063194048,.563480577669961,1.36561310059461
47,f,4/28/1938,12,1,30000,16500,95,228,59.7178082191781,-.954542028757137,1.20999895065413,1.2888488396977
48,m,6/7/1947,12,2,30750,14100,94,240,50.6027397260274,-.852445073810226,.833776009109336,1.21101669982387
49,m,9/16/1958,15,1,34800,16500,94,93,39.3178082191781,.05578544623958,-.0259016398197111,1.27688450217136
50,m,2/9/1960,16,3,60000,23730,94,59,37.9178082191781,1.18097713693468,.501033103119415,1.24253887152245
51,m,7/8/1962,12,1,35550,15000,94,48,35.5068493150685,.220064124413578,-.407623777499526,1.32493663419859
52,m,11/12/1963,15,1,45150,15000,94,40,34.158904109589,.52019612687906,-.33583648022746,1.3437576264338
53,m,4/21/1954,18,3,73750,26250,94,56,43.7260273972603,1.5130888589064,1.02890633269877,1.23467458313155
54,m,6/4/1931,12,1,25050,13500,94,444,66.6219178082192,-1.98908839840449,2.15799086123544,1.08449900102797
55,m,6/25/1960,12,1,27000,15000,94,120,37.5424657534247,-.243373247249032,-.166430677210671,1.26646298310176
56,m,4/16/1962,15,1,26850,13500,94,5,35.7342465753425,.0347727263227481,-.787214246809049,1.35935020356431
57,m,4/15/1963,15,1,33900,15750,94,78,34.7369863013699,.154363074048812,-.301858523785218,1.29310104675779
58,f,11/14/1964,15,1,26400,13500,94,3,33.1506849315069,.0953646190177576,-.896020034352958,1.35895206944885
59,m,5/7/1961,15,1,28050,14250,94,36,36.6767123287671,-.00539831263350662,-.569707752703596,1.33175694995478
60,m,2/16/1959,12,1,30900,15000,94,102,38.8986301369863,-.130854212252699,-.131199850123899,1.2844270812906
61,m,4/28/1964,8,1,22500,9750,94,36,33.6986301369863,-.292069478129785,-.963234058002325,1.38027696850996
62,m,7/18/1962,16,3,48000,21750,93,22,35.4794520547945,.939653585680859,-.0288453667894192,1.17489558899848
63,m,8/20/1961,17,3,55000,26250,93,32,36.3890410958904,1.28959554664081,.355842340421457,1.12121102806377
64,m,9/28/1963,16,3,53125,21000,93,48,34.2821917808219,.993648972864013,.0877623059332395,1.17478518803807
65,m,3/28/1964,8,1,21900,14550,93,41,33.7835616438356,-.0866920054699378,-.744078458367611,1.21601347506848
66,m,2/16/1962,19,3,78125,30000,93,7,35.8958904109589,2.14238976447473,.767897703683063,1.12310765562121
67,m,5/28/1964,16,3,46000,21240,93,35,33.6164383561644,.87670393014575,-.0953332691628985,1.16933720197101
68,m,5/5/1963,16,3,45250,21480,93,36,34.6821917808219,.83934135974956,-.0542354807531954,1.16491857748567
69,m,6/23/1960,16,3,56550,25000,93,34,37.5479452054795,1.2318788584569,.376260607943754,1.13874902387948
70,m,2/8/1962,15,1,41100,20250,93,27,35.9178082191781,.665461764746663,-.168412250219377,1.18094304487205
71,m,8/26/1948,17,3,82500,34980,93,207,49.3808219178082,1.61370188055115,2.39005551548359,.941249350444079
72,f,1/7/1964,16,1,54000,18000,93,11,34.0054794520548,.974238895220092,-.196358318287786,1.23854657271945
73,f,2/9/1968,12,1,26400,10500,93,2,29.9123287671233,.0321471959833907,-1.15391958363061,1.29850047953074
74,f,4/28/1933,15,1,33900,19500,93,192,64.7205479452055,-.741474200393003,1.42042815739814,1.08451180132933
75,f,8/12/1965,15,1,24150,11550,93,2,32.4082191780822,-.0374579583750267,-1.05416910364865,1.28266315166674
76,f,9/3/1967,15,1,29250,11550,93,11,30.3479452054795,.120999787023366,-1.00829453075148,1.28353892380308
77,f,9/9/1968,12,1,27600,11400,93,6,29.3287671232877,.111417722756683,-1.09930014634071,1.28586697722005
78,f,8/20/1968,12,1,22950,10500,93,10,29.3835616438356,-.0633715519194944,-1.19449952557507,1.28801139060209
79,f,1/23/1962,16,1,34800,14550,93,8,35.9616438356164,.273589402839814,-.598190810157978,1.25731424449349
80,f,5/25/1961,16,1,51000,18000,93,22,36.627397260274,.800808930435086,-.103457454779556,1.2280336146483
81,f,3/12/1968,12,1,24300,10950,93,5,29.8246575342466,-.00475178812437088,-1.15840529450467,1.28763066149351
82,f,8/28/1947,12,1,24750,14250,93,193,50.3780821917808,-.866233312033387,.530950490987635,1.13218858335025
83,f,10/12/1967,12,1,22950,11250,93,2,30.241095890411,-.0268740940552585,-1.16467782404675,1.28388763739582
84,f,3/12/1967,8,1,25050,10950,93,8,30.827397260274,-.0196400796869866,-1.09750173896603,1.28719347338556
85,m,4/9/1962,15,1,25950,17100,92,42,35.7534246575342,.0876784269113141,-.497745609314737,1.09090976298128
86,m,8/25/1961,15,1,31650,15750,92,64,36.3753424657534,.0904509269385614,-.349573850018212,1.1026859925892
87,m,10/20/1959,12,1,24150,14100,92,130,38.2246575342466,-.406955101564233,-.195899551374661,1.0708072942357
88,m,2/10/1962,19,3,72500,28740,92,10,35.9123287671233,1.92762433561471,.63002603017028,1.03066779887054
89,m,6/24/1961,19,3,68750,27480,92,8,36.5452054794521,1.7591293702078,.528921372714489,1.04289202178788
90,f,2/27/1938,8,1,16200,9750,92,2,59.8821917808219,-1.03813272435782,-.276370129044991,1.20662854769571
91,f,11/4/1967,12,1,20100,11250,92,24,30.1780821917808,-.157934254312113,-1.12510012445648,1.16698731777665
92,f,6/25/1968,8,1,24000,10950,92,6,29.5369863013699,-.00873346491772165,-1.17497290489701,1.18801532777794
93,f,3/5/1968,12,1,25950,10950,92,2,29.8438356164384,.0436454278954456,-1.14953692611015,1.19360899672172
94,f,8/4/1950,12,1,24600,10050,92,44,47.441095890411,-.602074043036598,-.398484542156066,1.18299167781517
95,f,8/8/1968,12,1,28500,10500,92,6,29.4164383561644,.0864211250951599,-1.12670297346202,1.20040133145472
96,m,10/2/1933,8,2,30750,15000,92,432,64.2904109589041,-1.67988775867018,2.16913950326458,.883642404712668
97,m,1/18/1953,17,1,40200,19500,92,168,44.9808219178082,-.00880242705339552,.703008348597678,1.00308857619645
98,m,5/17/1956,8,2,30000,15000,92,144,41.6520547945205,-.33994634666504,.120371078838976,1.06015730182827
99,f,7/7/1968,12,1,22050,10950,92,5,29.5041095890411,-.05472304627366,-1.2117340927656,1.18577126759049
100,m,10/25/1963,18,3,78250,27480,91,47,34.2082191780822,1.9546548641687,.757098685683682,.932301754089765
101,m,3/14/1960,16,3,60625,22500,91,44,37.8246575342466,1.17552829717575,.373414093386935,.973743104805422
102,m,3/28/1963,14,1,39900,15750,91,59,34.786301369863,.35334814453576,-.30107069053521,1.01906381168812
103,m,3/17/1959,19,3,97000,35010,91,68,38.8191780821918,2.62779490716359,1.64328393899373,.851324929508049
104,m,11/5/1962,15,1,27450,15750,91,48,35.1780821917808,.0566236994815175,-.533662659270445,1.00796733638037
105,m,3/7/1966,15,1,31650,13500,91,18,31.841095890411,.21885006414129,-.81210856883601,1.06123113038158
106,m,8/4/1962,19,3,91250,29490,91,23,35.4328767123288,2.41723975698866,.996397920160053,.941674782020519
107,f,8/16/1960,12,1,25200,14400,91,83,37.4,-.218784242681241,-.400482345861776,1.00021876308235
108,f,7/16/1930,12,1,21000,11550,91,108,67.5068493150685,-1.3102333004823,.598087213898602,1.02648831933646
109,m,11/10/1963,12,1,30450,15000,91,49,34.1643835616438,.119190868876362,-.550577142633726,1.02099466956651
110,m,10/29/1952,15,1,28350,18000,91,151,45.2027397260274,-.34502263973333,.377205623057239,.917589518119609
111,m,11/27/1940,12,2,30750,9000,91,314,57.1315068493151,-1.47545574262414,1.14259797681527,.936054060539029
112,m,6/21/1948,12,2,30750,15000,91,240,49.5616438356164,-.784359693872422,.81880601978867,.903792457675355
113,m,10/6/1959,16,3,54875,27480,90,68,38.2630136986301,1.19875074193614,.610974272131457,.787387348906598
114,m,8/25/1961,14,1,37800,16500,90,60,36.3753424657534,.292327171519798,-.246102458149213,.90788880660163
115,m,5/12/1961,15,1,33450,14100,90,85,36.6630136986301,-.0115376416903584,-.304735114455622,.916259781039218
116,m,6/9/1962,15,1,30300,16500,90,16,35.586301369863,.240597074726643,-.581599056771419,.925016526037015
117,f,1/14/1932,12,1,31500,18750,90,205,66.0082191780822,-.910990797554529,1.43367434781128,.787477937980815
118,f,3/4/1964,12,1,31650,14250,90,48,33.8493150684931,.122310705289071,-.585343061407504,.934529439048866
119,f,7/23/1963,12,1,25200,14100,90,55,34.4657534246575,-.0836712146154221,-.643674864303599,.922645711986007
120,f,11/12/1964,16,3,37800,15750,90,7,33.1561643835616,.480908492582548,-.61963166741052,.950603926269224
121,f,8/6/1936,15,1,18750,10500,90,54,61.4438356164384,-1.11868216747898,.0629314163648961,.970846342450747
122,f,9/26/1965,15,1,32550,13500,90,22,32.2849315068493,.218405873801444,-.770314515073731,.961734877763086
123,f,4/24/1949,12,1,33300,15000,90,3,48.7205479452055,-.0611710960554722,-.180901626038353,.962407060343667
124,f,5/29/1963,16,1,38550,16500,90,2,41.7095890410959,.329877608614955,-.287727680855295,.948711112175769
125,m,8/6/1956,12,1,27450,15000,90,173,41.4301369863014,-.47921715611557,.183100216553503,.840690363693207
126,m,1/21/1951,15,2,24300,15000,90,191,46.9753424657534,-.750697414512201,.408603722470348,.826584716687483
127,m,9/1/1950,12,2,30750,15000,90,209,47.3643835616438,-.645347872159636,.602586355371943,.824597341004875
128,f,7/25/1946,12,1,19650,9750,90,229,51.4712328767123,-1.34664185814975,.42711833370426,.864436145667996
129,m,7/18/1959,17,3,68750,27510,89,38,38.4821917808219,1.62664274972217,.710355744887498,.728606850145468
130,m,9/6/1958,20,3,59375,30000,89,6,39.3452054794521,1.57550965188273,.564151387745013,.703809139762723
131,m,2/8/1962,15,1,31500,15750,89,22,35.9178082191781,.208200995483503,-.563390074853877,.834272492394781
132,m,5/17/1953,12,1,27300,17250,89,175,44.6547945205479,-.461415586722989,.398257247824011,.713097874756235
133,m,9/12/1959,15,1,27000,15750,89,87,38.3287671232877,-.143211840916146,-.273263832598743,.78646454733618
134,f,11/10/1941,16,3,41550,24990,89,285,56.1780821917808,-.309999349893335,1.84771182486855,.567851558271192
135,f,5/22/1968,12,1,26250,10950,89,2,29.6301369863014,.0535051426706565,-1.16927669827671,.898737784386737
136,m,8/25/1939,12,1,22200,15000,88,324,58.3917808219178,-1.45861843088007,1.33884393596553,.545021446226824
137,m,7/12/1937,21,3,65000,37500,88,264,60.5123287671233,.84785048749632,2.83381878611773,.358435785570802
138,m,1/9/1947,12,1,30900,15000,88,252,51.0109589041096,-.853499380278665,.907454048921785,.601585772946467
139,f,6/18/1931,8,1,20100,13200,88,90,66.5835616438356,-1.18251768414031,.529425753134879,.719997445579767
140,f,4/5/1965,12,1,22350,13500,88,26,32.7616438356164,-.0659101793733773,-.91133598248262,.747453737959067
141,f,6/14/1966,15,1,35550,13350,88,32,31.5698630136986,.276537339823666,-.723283187507209,.7645090641646
142,f,11/13/1966,12,1,28500,13950,88,34,31.1534246575342,.132500018449238,-.816835414484126,.744917906580245
143,f,8/24/1939,12,1,24450,13200,88,107,58.3945205479452,-.906556530668275,.376321611404379,.712138123686035
144,f,8/28/1931,8,1,16650,9750,88,412,66.3890410958904,-2.30229538980491,1.68103693299741,.550535925295957
145,m,1/15/1964,12,1,26700,13500,88,38,33.9835616438356,-.0192349365676563,-.746526257223076,.746586351584352
146,m,1/2/1951,18,1,43950,23250,88,182,47.027397260274,.17705030766167,1.03807721379732,.558478177947151
147,m,9/11/1936,15,1,23700,13500,88,359,61.3452054794521,-1.66506417060389,1.55207913714001,.545031124862918
148,f,10/5/1959,15,1,26550,14250,88,61,38.2657534246575,-.158308842802371,-.464287983926073,.723515884157898
149,m,6/28/1962,12,1,27600,15000,87,75,35.5342465753425,-.062865226089453,-.459270201279599,.606844277921611
150,m,3/5/1954,12,1,25800,15000,87,143,43.8547945205479,-.506202573287489,.0999083766924323,.563434221978806
151,m,8/16/1954,16,3,42300,26250,87,126,43.4054794520548,.526526868608173,.769368805143192,.453880099295055
152,m,5/3/1929,8,2,30750,15000,87,451,68.7095890410959,-1.85046051100392,2.38082811524029,.381042295866923
153,f,5/13/1967,12,1,26700,12900,87,18,30.6575342465753,.0896191917313209,-.983055166877472,.667532583647158
154,f,6/7/1940,12,1,20850,12000,87,163,57.6054794520548,-1.188779081012,.469287785235698,.587246749514641
155,m,3/6/1963,15,1,35250,15000,87,54,34.8465753424658,.205692868488172,-.450141202970927,.631474468959929
156,m,1/12/1963,15,1,26700,15000,87,56,34.9917808219178,-.0205996257602761,-.573830765655281,.617612742870174
157,f,7/2/1967,12,1,26550,13050,87,11,30.5205479452055,.115598423966614,-1.01351074616414,.669863017659149
158,f,9/20/1964,12,1,27750,12000,87,11,33.3013698630137,.0224291363175757,-.939995743269027,.686253581604805
159,f,1/13/1951,16,1,25050,12750,87,123,46.9972602739726,-.663743225657848,.0177878962963172,.605491853494434
160,m,8/27/1951,16,3,66000,47490,86,150,46.3780821917808,2.03643241509288,2.28343399931387,.102798455774831
161,m,2/11/1963,16,1,52650,19500,86,20,34.9095890410959,.958946969544139,-.120985564301693,.522913088599392
162,m,5/25/1961,16,3,45625,23250,86,60,36.627397260274,.813992908004975,.161786830966388,.439051685849156
163,m,11/10/1965,15,1,30900,15000,86,25,32.1616438356164,.241413731619733,-.745360153039264,.544366333416616
164,f,8/13/1965,15,1,29400,16500,86,24,32.4054794520548,.273889774045434,-.69924373050763,.523596519894419
165,f,4/29/1966,15,1,33300,13500,86,24,31.6958904109589,.242903592866583,-.793488820125311,.567672624551769
166,f,7/12/1942,12,1,21900,9750,86,156,55.5095890410959,-1.20156150111011,.276829826838263,.52303908134845
167,f,8/26/1932,12,1,18150,9750,86,72,65.3917808219178,-1.32564450955166,.216540784993614,.575880483198089
168,f,4/23/1962,16,3,46875,17250,86,19,35.7150684931507,.682920639779232,-.287519044248799,.544306572193956
169,m,5/23/1965,12,1,25500,14400,86,37,32.6301369863014,.030209171038045,-.790654241412059,.536523621045875
170,m,6/13/1964,12,1,26550,15000,86,38,33.572602739726,.0595471040848377,-.709310462533115,.530081310012813
171,m,1/21/1930,12,1,26700,13500,86,367,67.9890410958904,-1.7839451493342,1.86236725292077,.350104943541122
172,f,6/13/1953,15,1,29850,15000,86,79,44.5808219178082,-.250915362272578,-.0857930647102857,.512770559180089
173,m,1/15/1950,20,3,69250,42480,85,134,47.9917808219178,1.87158720672174,2.10100326142625,.0846632430353404
174,m,1/7/1935,8,2,31950,15000,85,438,63.0246575342466,-1.64054248294109,2.12890984393192,.192153514720299
175,m,1/8/1938,8,1,26250,15600,85,171,60.0191780821918,-.959575433220333,.823337298236005,.347856623869442
176,f,10/5/1962,16,1,35700,17250,85,19,35.2630136986301,.409651923531046,-.489013693833442,.429217642071388
177,f,8/11/1962,12,1,28500,16500,85,69,35.413698630137,.0512426807838723,-.420152984907739,.395893725309824
178,f,1/17/1938,12,1,17100,10200,85,72,59.9945205479452,-1.19193813867741,.0192662858983578,.467978908509656
179,m,1/19/1965,12,1,25200,13050,85,29,32.9698630136986,-.0324904026829667,-.8818773589416,.460361506174676
180,f,1/23/1960,12,1,24000,12750,85,59,37.9643835616438,-.287366894034633,-.607141154536113,.444998515742237
181,f,1/4/1939,12,1,27450,10200,85,101,59.0301369863014,-.982224669475033,.27378851264967,.464081210080519
182,f,3/8/1943,12,1,18450,10200,85,228,54.8547945205479,-1.44490552817926,.517118294384372,.366822929086836
183,m,3/1/1960,15,1,39300,15750,84,72,37.8602739726027,.216199186708949,-.184174195358479,.322110770410146
184,m,11/5/1964,15,1,38850,15000,84,53,33.1753424657534,.339656719127476,-.473608862844567,.341542520319557
185,m,8/28/1930,8,2,30750,15000,84,380,67.3890410958904,-1.62859535513795,2.01537970486833,.131300514544165
186,m,7/6/1964,15,1,37500,20400,84,33,33.5095890410959,.61759414242551,-.331619276920792,.283162529807651
187,m,7/29/1963,16,3,58750,21750,84,13,34.4493150684931,1.2536722533928,.0180535195182541,.310502382929096
188,f,2/4/1934,12,1,34500,18750,84,208,63.9479452054794,-.796268800928299,1.3866433959859,.198683779934931
189,f,3/28/1950,12,1,36000,19980,84,240,47.7945205479452,-.366812244598481,1.0181989335407,.157894202655375
190,f,11/15/1932,8,1,29100,16500,84,35,65.1698630136986,-.610624186103711,.511949950568191,.332266469333
191,f,10/23/1931,12,1,16500,10200,84,288,66.2356164383562,-1.95054914103936,1.14462312725272,.231186321607476
192,m,10/9/1949,12,1,19650,12750,84,180,48.2602739726027,-.990148423732986,.20130980222306,.265853189320304
193,f,7/22/1966,12,1,24750,12000,84,41,31.4657534246575,-.0904303164600529,-.944026379787075,.366421244126214
194,f,4/10/1938,15,1,27150,15750,84,231,59.7671232876712,-1.08536040643998,1.08403476184005,.209860511478267
195,f,11/6/1955,12,1,26400,12750,84,36,42.1808219178082,-.27435820338669,-.519767205060527,.366718922420264
196,f,3/3/1946,16,1,23100,12000,84,214,51.8657534246575,-1.12410631667499,.497975981626659,.259999685444437
197,m,10/1/1962,15,3,54900,25500,83,49,35.2739726027397,1.22207286113072,.297087412567708,.135155259027307
198,m,3/17/1952,19,3,70875,43500,83,156,45.8219178082192,1.95787950771002,2.17561678247099,-.138003888507801
199,m,2/2/1958,16,3,51250,27480,83,69,39.9369863013699,1.05317409273859,.57793719899618,.0931869701910182
200,m,2/13/1963,17,3,67500,34980,83,9,34.9041095890411,2.12806863795725,.731731945657707,.05755508743631
201,m,5/8/1955,12,1,29340,19500,83,150,42.6794520547945,-.186653947934413,.31866607885795,.112115727837357
202,m,3/17/1963,15,1,39600,16500,83,47,34.8164383561644,.405606402530151,-.367803538886911,.229482408213399
203,m,3/17/1964,12,1,29100,15000,83,50,33.813698630137,.0825301844917875,-.625630341985412,.230936411597312
204,m,10/21/1960,15,1,33150,16500,83,69,37.2191780821918,.120598671655366,-.291608523310269,.206659538247639
205,m,6/22/1944,16,3,66750,52500,83,258,53.5616438356164,1.8240087683737,3.21469564168817,-.322915567744897
206,m,5/22/1943,12,2,33750,15000,83,284,54.6493150684932,-.966529422577471,1.19192042078551,.0944571951084124
207,m,2/15/1959,15,1,27300,17250,83,91,38.9013698630137,-.0934973014874159,-.198897810892545,.174785062184261
208,f,11/28/1968,12,1,24000,11250,83,16,29.1095890410959,-.0196032197065079,-1.18542522564273,.29181721642046
209,f,1/14/1934,8,1,19800,10200,83,75,64.0054794520548,-1.23707168634707,.208663685284336,.274800634556652
210,m,5/4/1949,15,1,30600,16500,83,216,48.6931506849315,-.635731546524497,.704066423763099,.112201010524211
211,m,11/8/1950,15,1,28950,15000,83,108,47.1780821917808,-.422084488705869,.0994171621430499,.198453899432402
212,m,5/14/1965,15,1,38400,16500,83,64,32.6547945205479,.385133072676237,-.392908494834801,.215831649552791
213,m,10/20/1945,8,2,30750,15000,83,302,52.2328767123288,-1.02884079450068,1.13294728458058,.0773992186105439
214,f,9/13/1968,12,1,20400,10950,83,9,29.3178082191781,-.112407914803691,-1.27858673474059,.294981723553517
215,f,9/15/1968,12,1,19200,11100,83,7,29.3123287671233,-.129946095722537,-1.29997998106564,.292573938718699
216,m,5/16/1964,15,1,30150,15750,82,72,33.6493150684932,.0902289482495916,-.494193794088322,.110103522043168
217,m,3/15/1949,16,1,34620,27750,82,149,48.8301369863014,.19836045175448,.976501820219739,-.081550918601849
218,m,3/21/1964,15,1,80000,15750,82,34,33.8027397260274,1.45469664528715,.151337135534003,.208391570462518
219,m,2/2/1963,12,1,25350,15000,82,32,34.9342465753425,.00573061375015513,-.727447388969521,.139102265613347
220,m,8/17/1963,12,1,29850,15750,82,85,34.3972602739726,.02833128862945,-.416950313333611,.101533728102019
221,f,5/22/1947,12,1,24000,13800,82,97,50.6465753424658,-.668102219230381,.0400572524151836,.11668782636854
222,f,9/15/1935,15,1,27750,19500,82,265,62.3369863013699,-1.04465587654406,1.48336836188134,-.0553343039652255
223,f,3/14/1942,8,1,22350,10200,82,48,55.8383561643836,-.890072367323105,-.164734855246588,.194398293339493
224,f,11/20/1934,12,1,16200,10200,82,2,63.1561643835616,-1.11123522687911,-.194896096617046,.218047024572805
225,f,10/13/1967,15,1,21900,12750,82,2,30.2383561643836,.00870265288765023,-1.1777971710217,.180529684023837
226,f,6/21/1964,16,1,23250,15750,82,4,33.5506849315069,.100519304842604,-.896917931532347,.143946209194796
227,f,7/17/1965,12,1,33900,12000,82,11,32.4794520547945,.194381932780953,-.89888112799452,.202957708999489
228,f,9/21/1963,15,1,25650,14250,82,51,34.3013698630137,-.0585450190608006,-.697718395690293,.136629637611042
229,f,8/21/1940,12,1,17250,10200,82,358,57.4,-1.8941636939541,1.12382010871931,-.0134133596464957
230,m,2/4/1934,15,1,22500,15000,82,371,63.9479452054794,-1.7273427796152,1.7094089331539,-.0732383462174791
231,m,1/9/1965,16,3,40200,21000,81,3,32.9972602739726,.806520628154647,-.424465793300378,.00343787842849105
232,m,9/13/1963,19,3,55500,33750,81,62,34.3232876712329,1.63262000855593,.677558596236672,-.175734677510236
233,m,7/21/1963,15,1,26550,15000,81,52,34.4712328767123,-.00676221905820546,-.645677530511507,.0293181794687157
234,m,11/12/1960,15,1,50550,19500,81,44,37.158904109589,.777547928583657,-3.51887855001656E-005,.0131071046869522
235,m,9/11/1962,19,3,75000,31500,81,13,35.3287671232877,2.12258228716435,.720912500163266,-.0858369906875972
236,f,5/2/1969,8,1,27450,12000,81,9,28.6849315068493,.132721735165965,-1.15336400148593,.09480862952666
237,f,6/4/1969,12,1,22650,11250,81,2,28.5945205479452,-.00511147776842958,-1.29627308328852,.101872515313666
238,f,6/15/1969,12,1,27300,11250,81,5,28.5643835616438,.105699367725787,-1.20991379712894,.106781652071949
239,f,9/14/1969,12,1,27750,11225,81,5,28.3150684931507,.12232358633825,-1.21276049344412,.107668332708107
240,f,6/15/1961,16,3,54375,18750,81,81,36.5698630136986,.753232716829793,.164231874108984,.00419094024164201
241,f,8/27/1936,8,1,17400,10200,81,390,61.386301369863,-2.08038394781999,1.39991516542881,-.130750984145725
242,f,11/3/1967,12,1,40800,18000,81,4,30.1808219178082,.743368381271444,-.64342078770555,.0411538297005982
243,f,2/10/1969,12,1,23100,10950,81,2,28.9068493150685,-.016572478859612,-1.2909221175343,.106521503470717
244,f,9/15/1969,8,1,22500,10950,81,5,28.3123287671233,-.0245509394125044,-1.30926856608739,.103454414029183
245,f,3/16/1969,12,1,26700,11550,81,18,28.813698630137,.0638779883579212,-1.14232386191389,.0937100677237434
246,f,1/14/1968,12,1,24900,11250,81,2,29.9835616438356,.0162088448255824,-1.21006273384468,.105748197595553
247,f,5/13/1968,12,1,19650,10950,81,11,29.6547945205479,-.147713364301932,-1.28125794990504,.0958932786398788
248,f,4/9/1969,12,1,22050,10950,81,9,28.7479452054795,-.0579815792172867,-1.28384537680829,.100371359092493
249,f,5/9/1969,12,1,25500,12000,81,11,28.6657534246575,.0783051967893536,-1.17691311039884,.0906257939623483
250,f,10/10/1966,15,1,28200,12750,81,19,31.2465753424658,.0958719855364707,-.973773484101554,.0808060984292458
251,f,1/19/1969,12,1,23100,11250,81,13,28.9671232876712,-.0328957759825638,-1.22898084014624,.095556574393328
252,m,9/18/1969,12,1,25500,11400,81,9,28.3041095890411,.0633463685039289,-1.22469345201617,.0994979685011256
253,f,2/21/1942,8,1,17100,10200,81,2,55.8958904109589,-.902198330157725,-.447667279985078,.118071955511775
254,m,2/8/1964,18,3,68125,32490,80,29,33.9178082191781,1.98915950725754,.665144538007786,-.218067095283118
255,m,8/15/1932,12,2,30600,15750,80,460,65.4219178082192,-1.76423895781767,2.29160246763712,-.32484024161351
256,m,1/3/1948,19,3,52125,27480,80,221,50.027397260274,.402795532151417,1.58313497085598,-.295235677254231
257,m,9/24/1951,19,3,61875,36750,80,199,46.3013698630137,1.26414444436474,1.91816063438057,-.387344905969884
258,m,3/9/1969,8,1,21300,11550,80,24,28.8328767123288,-.0910113020266638,-1.20859550996522,-.0165531173488965
259,f,3/15/1969,12,1,19650,11250,80,5,28.8164383561644,-.0961980054898366,-1.32938909082778,-.0028221890532544
260,f,2/20/1969,12,1,22350,11250,80,5,28.8794520547945,-.0292450201667899,-1.28372874199963,.00118928393182078
261,f,3/27/1969,12,1,23400,11250,80,18,28.7835616438356,-.035088006175341,-1.21519688137506,-.00572371606572049
262,f,6/20/1968,12,1,24300,10950,80,8,29.5506849315069,-.0199379764822803,-1.22862127166166,.00625174868593665
263,f,10/13/1968,12,1,28500,11250,80,4,29.2356164383562,.120465646435911,-1.17630215098401,.01105936979215
264,f,1/16/1969,12,1,19950,11250,80,8,28.9753424657534,-.100750511229208,-1.30612364509287,-.00426015221103957
265,f,9/24/1969,12,1,23400,11250,80,2,28.2876712328767,.020762074231089,-1.30089745361857,.00444786382613842
266,f,10/7/1963,16,1,34500,17250,80,3,34.2575342465753,.442713277367429,-.640461801075963,-.0546338853759934
267,f,8/24/1969,12,1,18150,10950,80,2,28.372602739726,-.129610024515817,-1.39534099451361,.000590568225210838
268,m,5/16/1936,12,1,22350,15000,80,272,61.6684931506849,-1.40810949017849,1.19391163188207,-.207027989981958
269,m,3/17/1966,15,1,40200,17250,79,38,31.813698630137,.555241969225942,-.494159650162783,-.168284855582037
270,m,10/29/1947,15,1,28650,18000,79,261,50.2082191780822,-.775633200661879,.961294216511113,-.332176661032757
271,m,8/24/1963,15,1,27750,16500,79,55,34.3780821917808,.0900379675495937,-.562596607468542,-.187011231867838
272,m,6/17/1964,18,1,66875,31980,79,30,33.5616438356164,1.93759617888463,.608512600120507,-.312550184658845
273,m,11/12/1939,12,2,30000,15750,79,308,58.1753424657534,-1.18459101373611,1.37081715254381,-.328516526487087
274,m,8/4/1964,16,3,83750,21750,79,12,33.4301369863014,1.91218265025791,.350745263676291,-.144393392834425
275,m,1/14/1963,12,1,33900,16500,79,94,34.986301369863,.12559897064013,-.276507997215622,-.202963816516152
276,m,5/11/1965,16,3,56500,21000,79,12,32.6630136986301,1.2027496669675,-.147649425425477,-.175281610622293
277,f,5/20/1965,16,3,43000,17490,79,20,32.6383561643836,.665398853892302,-.485250255766313,-.155244777281334
278,f,6/12/1943,8,1,20850,12000,79,70,54.5917808219178,-.869488595584787,-.0785406529964849,-.14096050446012
279,f,4/16/1969,12,1,24450,12000,79,8,28.7287671232877,.0559026907210606,-1.21547508858542,-.105774400751108
280,f,10/20/1969,12,1,24750,10950,79,5,28.2164383561644,.0328895941241256,-1.28780607636672,-.090081151812854
281,m,2/18/1945,8,2,34500,15750,79,246,52.9013698630137,-.767404539685549,.990244509521606,-.283794116355819
282,m,9/15/1963,14,1,27900,15000,79,47,34.3178082191781,.0427589172369674,-.661948900467883,-.162328712500013
283,m,2/25/1963,19,3,68125,32010,78,35,34.8712328767123,1.92250318554244,.692680505013844,-.412218655504557
284,m,10/10/1961,19,3,73500,33000,78,45,36.2493150684932,2.04552154959091,.914455975071537,-.422952592828527
285,m,5/28/1930,8,2,30750,15750,78,429,67.641095890411,-1.73642352309558,2.23131362113439,-.500462996135981
286,m,3/7/1958,15,3,40050,25500,78,133,39.8465753424658,.495433467623277,.551227725183378,-.431433749798454
287,m,1/18/1965,16,1,40350,19500,78,20,32.972602739726,.687770585984549,-.433407978940279,-.283296324681719
288,m,1/22/1955,15,3,38700,23730,78,176,42.9698630136986,.177337272212579,.746877844554205,-.437274723484431
289,m,10/27/1964,17,3,65000,30750,78,26,33.2,1.84815242558422,.488917838099662,-.395453614382487
290,m,4/5/1954,18,3,51450,36240,78,149,43.7698630136986,1.17181240806754,1.41386428401132,-.561599020286767
291,m,9/23/1934,12,2,35250,15750,78,387,63.3150684931507,-1.39751205070728,1.96968869622306,-.468324275673184
292,m,5/7/1963,14,1,25950,15000,78,53,34.6767123287671,-.0332652417811693,-.660536537134691,-.267362796826408
293,m,9/19/1965,15,1,25050,14250,78,24,32.3041095890411,.0460314935394919,-.916276044306009,-.241192875795091
294,m,10/10/1968,12,1,26700,12750,78,25,29.2438356164384,.090011273974616,-1.06146851379816,-.221324330397619
295,m,8/20/1932,8,1,24000,15750,78,476,65.4082191780822,-1.9767622841274,2.24163654543166,-.541778683176697
296,m,2/12/1964,12,1,26850,15000,78,48,33.9068493150685,.0229077293510639,-.695011721164721,-.263100513467396
297,f,4/16/1942,12,1,23400,15300,78,209,55.7479452054795,-1.04652898132482,.732253250099735,-.367688315255
298,f,8/24/1966,12,1,24600,13500,78,47,31.3753424657534,-.040426442491149,-.892303813918012,-.247483091471066
299,f,5/11/1965,15,1,32550,18000,78,6,32.6630136986301,.461144407856071,-.694939603868972,-.26656231525605
300,m,5/26/1960,16,1,26550,15000,78,105,37.6246575342466,-.23400631674506,-.324215682228491,-.299001878028809
301,m,8/4/1968,12,1,31500,13500,78,7,29.427397260274,.292721974782734,-1.02119009792875,-.212149115213039
302,m,9/28/1939,8,1,22350,15000,78,320,58.2986301369863,-1.45254815660686,1.26473826170971,-.436298416835395
303,m,2/10/1938,12,2,35250,15750,78,281,59.9287671232877,-1.02489941379704,1.3982820180243,-.40097783199288
304,f,9/28/1945,15,1,25800,13500,78,51,52.2931506849315,-.560256335884942,-.102316300145487,-.239965113497726
305,m,10/25/1941,12,2,30750,15750,77,317,56.2219178082192,-1.14155803193521,1.33939587445317,-.53083992059088
306,m,4/5/1966,15,1,30750,16500,77,41,31.7616438356164,.269218789369607,-.679258833114874,-.371371155121641
307,m,7/24/1945,16,3,50000,32490,77,264,52.4739726027397,.414460759644641,2.02193682964061,-.684957643460324
308,m,2/1/1963,15,1,34500,18000,77,63,34.9369863013699,.297529888619951,-.345632307282342,-.398126933537549
309,m,7/19/1964,15,1,26250,15750,77,38,33.4739726027397,.0817415239316513,-.735429563148977,-.365738020032928
310,m,3/23/1964,16,1,44875,21240,77,22,33.7972602739726,.860999843436638,-.251932724690938,-.398381087486206
311,f,2/15/1951,12,1,22500,12000,77,63,46.9068493150685,-.612701007181007,-.369857691589223,-.333870636557197
312,f,3/12/1963,12,1,25650,14250,77,64,34.8301369863014,-.112623058794212,-.651652471539339,-.36363285473448
313,f,10/25/1969,12,1,21300,11250,77,2,28.2027397260274,-.0336580879967944,-1.35456592768616,-.293915442691645
314,f,11/24/1966,12,1,29850,13500,77,38,31.1232876712329,.122551846885536,-.860792914273656,-.332409269026069
315,f,9/19/1969,12,1,34500,12150,77,4,28.3013698630137,.338191296913735,-1.09100033595534,-.287263715118735
316,m,1/14/1960,15,1,27750,15000,77,52,37.9890410958904,-.0713825464400771,-.522114371143579,-.36114638829253
317,m,2/27/1969,12,1,27750,11550,77,12,28.8602739726027,.101130379608537,-1.17168940984583,-.294471248371282
318,m,2/19/1961,16,3,48750,21990,76,61,36.8876712328767,.810748670630057,.114255821186536,-.524762931735432
319,m,3/2/1966,15,1,43410,15750,76,12,31.8547945205479,.628239921633384,-.633855495792008,-.422607595131604
320,m,11/10/1936,12,1,22050,15000,76,385,61.1808219178082,-1.71161978160109,1.62809955302489,-.674536819205571
321,f,10/26/1953,12,1,22050,12000,76,6,44.2109589041096,-.402286090257288,-.721503163521091,-.397078870614055
322,f,3/2/1938,12,1,22500,14250,76,90,59.8739726027397,-.909662384890242,.304753824710755,-.473559936872299
323,f,5/13/1967,15,1,25500,12000,76,7,30.6575342465753,.0322413728045329,-1.15020075896744,-.398036151132832
324,f,10/14/1966,12,1,29160,15000,76,22,31.2356164383562,.218270805601571,-.875610750341989,-.440724069994584
325,f,11/4/1934,8,1,16800,10200,76,76,63.2,-1.30281987584563,.0963267948897736,-.41946537466463
326,m,7/24/1958,8,2,29550,15750,76,144,39.4657534246575,-.275348405313087,-.0227261911519153,-.525583268267526
327,m,3/2/1965,12,1,26700,15750,76,18,32.8547945205479,.161875464901259,-.840919145301506,-.4507685307645
328,m,10/25/1952,18,3,55000,32490,75,125,45.213698630137,1.10062217462587,1.2401446139502,-.787206070811073
329,m,8/24/1958,18,3,62500,34980,75,74,39.3808219178082,1.70194729938969,1.04329835371386,-.777444795721097
330,m,5/9/1959,15,1,27300,17250,75,132,38.6739726027397,-.20669712359093,-.0782340747488395,-.639154020690288
331,f,2/4/1942,12,1,24450,12000,75,144,55.9424657534247,-1.01640193903368,.319223960849538,-.576703363794832
332,f,5/10/1964,16,1,33000,18000,75,26,33.6657534246575,.389613639448715,-.583646325677755,-.573688722285337
333,f,1/26/1965,15,1,37050,18000,75,5,32.9506849315068,.567440630779853,-.633357530332702,-.554384590753426
334,f,5/9/1966,12,1,24450,10950,75,32,31.6684931506849,-.140796380522343,-1.07625145741222,-.50028469727844
335,m,2/26/1930,8,2,31950,15750,74,408,67.8904109589041,-1.66022249549494,2.14807173303262,-.878620848220596
336,m,1/10/1964,16,3,47250,21240,74,45,33.9972602739726,.850994764000159,-.125911357634254,-.704929608778533
337,f,1/27/1970,12,1,26100,11550,74,2,27.9452054794521,.106464180451537,-1.29043402756375,-.586020297560338
338,f,8/12/1938,8,1,15900,10200,74,43,59.427397260274,-1.14174213981374,-.205220620262436,-.597730756663037
339,f,11/7/1942,8,1,23700,10650,74,281,55.186301369863,-1.4524893495128,.796006188373344,-.747938144965626
340,f,5/6/1934,8,1,21750,12450,74,318,63.6986301369863,-1.73214794398685,1.3070706656775,-.794563317792491
341,m,1/20/1945,12,3,59400,33750,74,272,52.9808219178082,.677645279263274,2.26348345129407,-.987503142301797
342,f,6/1/1948,12,1,24450,14250,74,117,49.6164383561644,-.670399486411904,.069700197821059,-.689087347702571
343,m,6/9/1953,16,3,103500,60000,73,150,44.5917808219178,3.63941024750448,3.29636975858113,-1.28283884551646
344,m,10/13/1963,12,1,35700,16500,73,72,34.241095890411,.243201610687351,-.401423768131505,-.77680348648178
345,f,5/5/1969,12,1,22200,16500,73,7,28.6767123287671,.218763554410195,-1.09444434537116,-.756828298255289
346,f,8/16/1968,15,1,22950,13950,73,22,29.3945205479452,.0528355746310656,-1.10458159692862,-.732345244731249
347,f,8/10/1944,12,1,23100,12000,73,228,53.427397260274,-1.21406139827257,.551778706023598,-.830957049623539
348,f,6/11/1962,16,3,56750,30000,73,15,35.5808219178082,1.56426075462541,.334555082474507,-.881954221003008
349,f,3/22/1938,17,1,29100,12750,73,375,59.8191780821918,-1.58505253601985,1.53456201293113,-.924468292965801
350,f,4/21/1939,12,1,37650,15750,73,132,58.7369863013699,-.537664387941607,.734121725999298,-.793394019062563
351,f,1/27/1966,12,1,27900,13500,73,32,31.9479452054795,.0635365976444043,-.91033212762231,-.724709695622223
352,f,11/26/1933,8,1,21150,12000,73,159,64.1397260273973,-1.35420579480885,.613921365167072,-.784848337421865
353,m,3/10/1955,12,2,31200,15750,73,155,42.841095890411,-.353376876423968,.155189577226798,-.824159450633499
354,f,5/8/1946,12,1,20550,11250,73,154,51.6849315068493,-1.07182279418573,.101452385950022,-.777808496504381
355,m,5/19/1961,15,1,25950,17250,72,83,36.6438356164384,-.0600248731547563,-.397677684959454,-.905429577782476
356,m,11/10/1965,15,1,28350,15000,72,48,32.1616438356164,.0994775418785456,-.767513476610237,-.852039478729948
357,f,1/18/1932,8,1,17700,10200,72,184,65.9972602739726,-1.64712488637502,.646969708843082,-.880652607473464
358,f,4/11/1944,15,1,23550,13500,72,49,53.758904109589,-.656373789446224,-.127857945999754,-.831864521316809
359,f,6/12/1941,12,1,19950,10200,72,56,56.5917808219178,-1.00290117584235,-.198440644869799,-.798125928723166
360,f,8/11/1968,12,1,29400,15300,72,30,29.4082191780822,.26044384588142,-.913031461409851,-.843781516629369
361,f,6/9/1966,12,1,28800,13950,72,18,31.5835616438356,.154632953889935,-.954269464592066,-.81865285212617
362,f,4/8/1937,8,1,16950,10200,72,319,60.772602739726,-1.89472494808398,1.01898448280002,-.971333287809476
363,m,6/3/1954,16,1,35700,18000,72,138,43.6082191780822,-.102946740140109,.275969123161721,-.933552717773831
364,f,3/26/1947,12,1,17400,10200,72,116,50.8027397260274,-1.07982215394816,-.193650845771363,-.843083257939331
365,f,10/16/1948,8,1,21450,10200,72,194,49.241095890411,-1.1465884758475,.145842155693436,-.888276393869398
366,f,3/21/1961,12,1,24750,12000,72,68,36.8054794520548,-.313911917444381,-.704592330905486,-.829864087540249
367,f,5/22/1942,12,1,16950,10200,72,271,55.6493150684932,-1.63339928864642,.630878192172272,-.942267833775308
368,f,7/20/1943,12,1,26100,13500,72,169,54.4876712328767,-.933347683285691,.448120081800012,-.905578564954895
369,m,11/14/1967,14,1,28050,15000,71,15,30.1506849315068,.231446591018257,-.990320080145981,-.930307099808794
370,f,1/20/1963,16,1,36600,18000,71,12,34.9698630136986,.480727850724575,-.560635028305603,-.952419221528978
371,f,4/5/1966,16,3,58125,18000,71,11,31.7616438356164,1.11289208734581,-.334565797155826,-.921269956873651
372,m,8/22/1935,15,1,21300,15750,70,372,62.4027397260274,-1.69665885561135,1.60408016023324,-1.26684014835148
373,m,10/29/1949,12,1,22500,16500,70,216,48.2054794520548,-.843067064898791,.483262431719428,-1.17927791446955
374,m,7/26/1967,15,1,29400,15750,70,15,30.4547945205479,.293887625501788,-.930449685877557,-1.03625257154486
375,m,10/8/1966,12,1,27450,14700,70,41,31.2520547945205,.101901980181746,-.868804314460996,-1.04215351786898
376,m,10/9/1964,15,1,29850,15750,70,48,33.2493150684932,.144426940356633,-.682618115963389,-1.05586078180746
377,m,11/29/1965,15,1,25350,15750,70,56,32.1095890410959,.037997634207463,-.762086930196669,-1.0681436692011
378,f,9/21/1930,8,1,15750,10200,70,275,67.3232876712329,-1.97793788423451,1.03796746515699,-1.1387975035809
379,f,5/12/1938,8,1,19650,13050,70,102,59.6794520547945,-1.07521065572555,.216557087601019,-1.06063978473258
380,f,2/22/1941,12,1,21000,13500,70,82,56.8931506849315,-.892976787154361,.0727640409212773,-1.05258588815848
381,m,7/15/1946,17,1,27000,18000,70,192,51.4986301369863,-.674949600304437,.638170226871873,-1.175067789176
382,m,10/20/1959,12,1,24000,15750,70,120,38.2246575342466,-.326258040654513,-.292106187123643,-1.10917620036875
383,m,6/3/1961,17,3,78500,28740,70,67,36.6027397260274,1.88481796636576,.869332836498168,-1.16215122154208
384,f,11/11/1955,12,1,20850,13050,70,127,42.1671232876712,-.660306617529026,-.289204695328356,-1.08205107515798
385,m,10/1/1930,12,2,30000,15750,69,348,67.2958904109589,-1.53839765730842,1.81284175784255,-1.33490040995185
386,m,8/18/1934,8,2,28500,15750,69,174,63.413698630137,-1.00809125165215,.911175668782682,-1.22589693417276
387,m,2/3/1965,19,3,65000,31980,69,74,32.9287671232877,1.77697621561187,.685911794098283,-1.32818274495936
388,m,1/2/1959,14,1,30150,16500,69,110,39.0219178082192,-.127708004493855,-.179723352455197,-1.20135744698206
389,m,4/15/1959,19,3,66875,32490,69,81,38.7397260273973,1.68109532656414,.97743961657409,-1.33419669461433
390,f,11/9/1968,15,1,24150,13500,69,7,29.1616438356164,.103074805821297,-1.19946419522104,-1.10879365195371
391,f,1/12/1969,12,1,24450,12450,69,12,28.986301369863,.0498399839479788,-1.22573642012726,-1.09815069802291
392,f,5/12/1970,12,1,21600,12000,69,2,27.6575342465753,.0163854347724125,-1.38151444016797,-1.09061728629181
393,f,6/24/1969,12,1,27900,12450,69,2,28.5397260273973,.175898680709895,-1.22878061702521,-1.08675425776506
394,f,2/4/1970,8,1,29100,12450,69,17,27.9232876712329,.181909962387231,-1.16811648620792,-1.09494945997527
395,f,3/9/1970,12,1,22650,11250,69,2,27.8328767123288,.00144543688415136,-1.39115993810808,-1.07934691352215
396,f,8/17/1970,12,1,20850,11250,69,2,27.3917808219178,-.0328960263878858,-1.43598072800584,-1.08218031898
397,f,1/17/1970,12,1,22950,12300,69,5,27.972602739726,.0493089064346637,-1.32261302828539,-1.09430283879484
398,f,11/21/1970,12,1,30600,12450,69,5,27.1287671232877,.272797016542429,-1.22351443161229,-1.08527459866723
399,f,2/6/1970,12,1,20400,11250,69,2,27.9178082191781,-.0578938570749187,-1.42425765698923,-1.08263501805341
400,f,8/6/1969,12,1,23850,12750,69,20,28.4219178082192,.0424628075465017,-1.20866447156529,-1.10830625794007
401,f,3/14/1970,12,1,22800,11250,69,2,27.8191780821918,.00560868036494965,-1.38924300911015,-1.07913091019913
402,f,2/7/1970,12,1,20700,11250,69,2,27.9150684931507,-.0502033752105071,-1.4195352977386,-1.08219318203979
403,f,4/28/1970,12,1,21300,11250,69,3,27.6958904109589,-.0320015742579376,-1.41355143439616,-1.08204277657708
404,f,5/1/1953,12,1,24300,15000,69,121,44.6986301369863,-.526493465464623,-.0882223604902272,-1.19556002026841
405,f,7/12/1944,12,1,19650,13950,69,133,53.5068493150685,-.956011534493288,.159344615165136,-1.1931807658017
406,m,10/5/1965,17,3,60000,32490,68,17,32.2602739726027,1.84474911092995,.356530642009557,-1.40386268441196
407,m,9/6/1965,15,1,30300,15750,68,55,32.3397260273973,.158298305649023,-.689726233979499,-1.25691483675839
408,m,2/12/1964,19,3,61250,33000,68,9,33.9068493150685,1.88077590653592,.424364219028545,-1.40273829136374
409,m,11/21/1962,19,1,36000,19500,68,21,35.1342465753425,.507928473251694,-.477383928504018,-1.2736016627314
410,f,1/9/1942,8,1,25200,18750,68,344,56.013698630137,-1.21128632796261,1.43793769966845,-1.48090298423738
411,f,8/21/1931,12,1,16200,10200,68,180,66.4082191780822,-1.68942207538668,.598234019403401,-1.27374971419055
412,f,6/16/1970,12,1,22800,11250,68,2,27.5616438356164,.0111606855916207,-1.40414308096133,-1.17764322336544
413,f,3/13/1966,16,3,43500,19500,68,11,31.8246575342466,.810701926043868,-.518508391550892,-1.25736699102901
414,m,1/8/1961,8,2,30300,15750,68,155,37.0027397260274,-.231098020137646,-.0977518695511256,-1.31986386535543
415,m,5/2/1963,15,1,31950,15750,68,70,34.6904109589041,.0992066959121859,-.514914163086915,-1.26326284615532
416,m,1/16/1965,15,1,35250,13500,67,6,32.9780821917808,.287078269182469,-.899043754564696,-1.28705516521048
417,m,7/22/1967,15,1,37800,15000,67,36,30.4657534246575,.410085630043063,-.755733265554078,-1.32303459344042
418,m,6/5/1965,15,1,31200,15750,67,46,32.5945205479452,.197715844761736,-.709857380809493,-1.34806142460293
419,m,10/20/1964,15,1,29400,16500,67,68,33.2191780821918,.113764921088666,-.590168898219468,-1.37437794108486
420,m,7/16/1957,19,3,70000,35040,67,75,40.4876712328767,1.85544311035901,1.16561435949518,-1.55462766608419
421,m,11/1/1961,15,1,33900,15750,67,96,36.1890410958904,.0390184191284451,-.32496945536853,-1.37504610336103
422,m,7/20/1963,15,1,27150,16500,67,78,34.4739726027397,-.00266135088874887,-.538717278188442,-1.38368048385434
423,f,4/26/1936,12,1,22200,13800,67,196,61.7232876712329,-1.28231893851357,.745672138867389,-1.42185872802931
424,f,7/6/1966,15,1,31350,11100,67,47,31.5095890410959,-.00311843694413556,-.945893997477858,-1.28908912732162
425,f,1/26/1942,12,1,20850,13500,67,181,55.9671232876712,-1.14260280197472,.439834248176449,-1.41256524475811
426,m,10/27/1952,16,1,33300,17490,67,120,45.2082191780822,-.187405688933796,.168313167277049,-1.41027900995563
427,m,4/21/1942,8,1,26250,16050,67,97,55.7342465753425,-.64728344281859,.273752786403848,-1.38305752884992
428,m,2/28/1964,15,1,31950,15750,67,58,33.8630136986301,.151751969029415,-.601222354749269,-1.35422538238132
429,m,8/13/1946,8,2,30000,15750,67,305,51.4191780821918,-1.01534057237898,1.0472073033069,-1.51018134765908
430,m,4/29/1956,19,3,66250,34980,67,99,41.7013698630137,1.66133394469916,1.24820558155023,-1.57446231581452
431,m,1/15/1959,18,3,86250,45000,66,50,38.986301369863,2.86560883370811,1.6971312254832,-1.74159691358747
432,m,3/12/1964,12,1,30750,15000,66,56,33.827397260274,.0893964375747556,-.668726734582994,-1.44347456001216
433,m,11/15/1966,12,1,33540,15750,66,47,31.1479452054795,.29068077629232,-.725759031987894,-1.4442409707375
434,m, ,16,1,34950,20250,66,55,27,.634474317347009,-.621624603172675,-1.50689871490458
435,m,5/24/1964,15,1,40350,16500,66,80,33.627397260274,.347973539314834,-.354236088754279,-1.4642349278297
436,m,5/27/1965,12,1,30270,15750,66,80,32.6191780821918,.080866663266844,-.585391774738309,-1.46986899964643
437,m,9/4/1933,8,1,26250,16050,66,264,64.3671232876712,-1.32047816970371,1.2872014492863,-1.58625495386796
438,m,10/11/1964,15,1,32400,15000,66,64,33.2438356164384,.12482788306593,-.629322736351722,-1.44645571316512
439,f,6/25/1970,12,1,20400,11250,66,2,27.5369863013699,-.0513432557168449,-1.45484057482815,-1.37801577982309
440,f,11/10/1947,8,1,24150,12750,66,96,50.1753424657534,-.718819080378211,-.114647180360577,-1.44367457804502
441,f,8/2/1949,15,1,23850,13500,66,122,48.4465753424658,-.714732605537097,-.0386978421619481,-1.4713069270754
442,f,9/18/1968,12,1,29700,13500,66,26,29.3041095890411,.185961604267899,-1.04145084022562,-1.40808513716923
443,f,2/10/1929,8,1,21600,13500,66,228,68.9342465753425,-1.58559872069706,1.11277570530611,-1.53515811950792
444,f,9/16/1961,12,1,24450,15750,66,87,36.3150684931507,-.181126286589868,-.516067868818873,-1.48152504405964
445,m,8/4/1963,15,1,28050,16500,66,84,34.4328767123288,.00402014511233032,-.50591810433825,-1.4846662047929
446,m,8/3/1958,16,3,100000,44100,66,128,39.4383561643836,2.94877212653187,2.22566178387691,-1.76008570205379
447,m,7/2/1961,15,1,49000,20550,66,86,36.5232876712329,.677103576904073,.0918808144801158,-1.50630912296002
448,f,6/5/1933,12,1,16350,10200,66,163,64.6164383561644,-1.5958267088485,.452768482146903,-1.46004448114288
449,m,1/2/1966,16,3,70000,21750,65,19,32.0164383561644,1.56529698441311,.029832329854177,-1.5475294808414
450,m,7/21/1954,19,3,55000,34980,65,129,43.4767123287671,1.24688089111445,1.24733144319423,-1.8066260706898
451,m,7/19/1969,15,1,28500,14250,65,20,28.4712328767123,.229108357799278,-1.08896635403732,-1.51436026909985
452,m,8/13/1953,12,1,28800,18000,65,210,44.413698630137,-.500380546444667,.460010642942694,-1.67894819636604
453,m,8/7/1930,15,1,24450,15750,65,338,67.4465753424657,-1.66070171499576,1.66420590798643,-1.73019232906645
454,m,7/28/1965,19,3,90625,31250,65,18,32.4493150684931,2.5504492094635,.788582188009675,-1.63849373262963
455,m,1/17/1964,16,3,43650,19500,65,19,33.9780821917808,.73416558855877,-.42144667167275,-1.55670067785719
456,m,10/17/1959,19,3,75000,42510,65,54,38.2328767123288,2.46431606629333,1.39150925301451,-1.82747027545071
457,m,5/27/1968,15,1,31650,14250,65,10,29.6164383561644,.306489577544861,-1.03947394043428,-1.50277221672297
458,m,7/6/1965,19,3,61875,28740,65,26,32.5095890410959,1.67301599664871,.252753455226832,-1.65380552628167
459,f,2/10/1971,12,1,21750,11250,65,2,26.9068493150685,-.00189134095811883,-1.46147202060726,-1.4746834489099
460,f,8/12/1969,12,1,22500,12750,65,24,28.4054794520548,-.00653004141310651,-1.23647439622152,-1.50653690597668
461,f,11/8/1943,8,1,21600,13500,65,173,54.1835616438356,-1.05820067043953,.342462442671838,-1.6038035873333
462,f,10/18/1963,16,3,34410,19500,65,79,34.227397260274,.331572162595643,-.306582907471759,-1.60912820226159
463,f,10/15/1934,15,1,20700,14250,65,241,63.2547945205479,-1.46095474940621,.975991707298281,-1.65523583560948
464,m,3/20/1962,19,3,47550,33000,64,27,35.8082191780822,1.43095672814367,.326544934504018,-1.82751141115371
465,m,7/20/1962,12,1,33900,16500,64,106,35.4739726027397,.0643649995812722,-.292364096107973,-1.6866911212562
466,f,6/15/1948,12,1,23400,13500,64,198,49.5780821917808,-.962061052417316,.305803698799429,-1.7175935444605
467,f,8/18/1967,16,1,32850,19500,64,20,30.3917808219178,.548573748223479,-.725613861909871,-1.67313344831904
468,f,11/28/1965,16,3,55750,19980,64,36,32.1123287671233,1.06651671841133,-.206759154850575,-1.65518279792026
469,f,6/1/1964,15,1,25200,13950,64,57,33.6054794520548,-.102640028196433,-.818886626986868,-1.63571425880991
470,m,1/22/1964,12,1,26250,15750,64,69,33.9643835616438,-.0285146170909848,-.659396308031762,-1.66495842638748
471,m,8/3/1966,15,1,26400,15750,64,32,31.4328767123288,.140166470754407,-.905066324200522,-1.64176719835743
472,m,2/21/1966,15,1,39150,15750,63,46,31.8794520547945,.413722221602919,-.630345933900439,-1.7302474834059
473,f,11/25/1937,12,1,21450,12750,63,139,60.1397260273973,-1.16340818151811,.366453833959245,-1.76678511215589
474,f,11/5/1968,12,1,29400,14250,63,9,29.172602739726,.261298837156092,-1.10710490387515,-1.70244232963441
